{
  "lang":"en",
  "name":"pipeline",
  "version":"0.0.0",
  "spacy_version":">=3.6.0,<3.7.0",
  "description":"",
  "author":"",
  "email":"",
  "url":"",
  "license":"",
  "spacy_git_version":"6fc153a26",
  "vectors":{
    "width":0,
    "vectors":0,
    "keys":0,
    "name":null,
    "mode":"default"
  },
  "labels":{
    "tok2vec":[

    ],
    "ner":[
      "AGREEMENT_DATE",
      "AGREEMENT_TYPE",
      "BORROWER",
      "BORROWER_ADDRESS",
      "INTEREST_RATE",
      "LENDER",
      "LENDER_ADDRESS",
      "LOAN_AMOUNT",
      "NUM_OF_PARTITES",
      "PAYMENT_TERMS"
    ]
  },
  "pipeline":[
    "tok2vec",
    "ner"
  ],
  "components":[
    "tok2vec",
    "ner"
  ],
  "disabled":[

  ],
  "performance":{
    "ents_f":0.8035190616,
    "ents_p":0.7287234043,
    "ents_r":0.8954248366,
    "ents_per_type":{
      "AGREEMENT_TYPE":{
        "p":0.5510204082,
        "r":1.0,
        "f":0.7105263158
      },
      "NUM_OF_PARTITES":{
        "p":0.5510204082,
        "r":1.0,
        "f":0.7105263158
      },
      "BORROWER":{
        "p":0.9259259259,
        "r":0.8928571429,
        "f":0.9090909091
      },
      "BORROWER_ADDRESS":{
        "p":1.0,
        "r":0.8571428571,
        "f":0.9230769231
      },
      "LENDER":{
        "p":0.9259259259,
        "r":0.8928571429,
        "f":0.9090909091
      },
      "LENDER_ADDRESS":{
        "p":1.0,
        "r":0.8571428571,
        "f":0.9230769231
      },
      "LOAN_AMOUNT":{
        "p":0.9230769231,
        "r":0.8571428571,
        "f":0.8888888889
      },
      "INTEREST_RATE":{
        "p":0.6923076923,
        "r":0.6428571429,
        "f":0.6666666667
      },
      "PAYMENT_TERMS":{
        "p":0.56,
        "r":1.0,
        "f":0.7179487179
      },
      "AGREEMENT_DATE":{
        "p":1.0,
        "r":0.8571428571,
        "f":0.9230769231
      }
    },
    "tok2vec_loss":220.3547107577,
    "ner_loss":12084.8622038511
  }
}